{
  "Age": {
    "min": 19.0,
    "max": 77.0,
    "mean": 47.40813008130081,
    "median": 47.0
  },
  "ALB": {
    "min": 14.9,
    "max": 82.2,
    "mean": 41.62019543973941,
    "median": 41.95
  },
  "ALP": {
    "min": 11.3,
    "max": 416.6,
    "mean": 68.28391959798995,
    "median": 66.2
  },
  "ALT": {
    "min": 0.9,
    "max": 325.3,
    "mean": 28.450814332247557,
    "median": 23.0
  },
  "AST": {
    "min": 10.6,
    "max": 324.0,
    "mean": 34.78634146341463,
    "median": 25.9
  },
  "BIL": {
    "min": 0.8,
    "max": 254.0,
    "mean": 11.396747967479675,
    "median": 7.3
  },
  "CHE": {
    "min": 1.42,
    "max": 16.41,
    "mean": 8.196634146341465,
    "median": 8.26
  },
  "CHOL": {
    "min": 1.43,
    "max": 9.67,
    "mean": 5.368099173553719,
    "median": 5.3
  },
  "CREA": {
    "min": 8.0,
    "max": 1079.1,
    "mean": 81.28780487804877,
    "median": 77.0
  },
  "GGT": {
    "min": 4.5,
    "max": 650.9,
    "mean": 39.53317073170732,
    "median": 23.3
  },
  "PROT": {
    "min": 44.8,
    "max": 90.0,
    "mean": 72.0441368078176,
    "median": 72.2
  }
}